{
    "urls": [
        "String_2_D.ogg",
        "String_2_D.m4a",
        "String_2_D.mp3",
        "String_2_D.ac3"
    ],
    "sprite": {
        "2_0_D": [0, 1200.1814058956916],
        "2_1_Eb": [3000, 1208.8888888888887],
        "2_2_E": [6000, 1208.8888888888887],
        "2_3_F": [9000, 1211.7913832199552],
        "2_4_Gb": [12000, 1211.7913832199552],
        "2_5_G": [15000, 1217.5963718820847],
        "2_6_Ab": [18000, 1217.5963718820847],
        "2_7_A": [21000, 1208.8888888888896],
        "2_8_Bb": [24000, 1211.7913832199533],
        "2_9_B": [27000, 1208.8888888888896],
        "2_10_C": [30000, 1208.8888888888896],
        "2_11_Db": [33000, 1205.9863945578259],
        "2_12_D": [36000, 1211.7913832199533],
        "2_13_Eb": [39000, 1208.888888888886],
        "2_14_E": [42000, 1208.888888888886],
        "2_15_F": [45000, 1211.7913832199533],
        "2_16_Gb": [48000, 1211.7913832199533],
        "2_17_G": [51000, 1214.6938775510207],
        "2_18_Ab": [54000, 1205.9863945578259],
        "2_19_A": [57000, 1211.7913832199533],
        "2_20_Bb": [60000, 1208.888888888886],
        "2_21_B": [63000, 1208.8888888888932],
        "2_22_C": [66000, 1208.8888888888932]
    }
}
