{
    "urls": [
        "String_0_E.ogg",
        "String_0_E.m4a",
        "String_0_E.mp3",
        "String_0_E.ac3"
    ],
    "sprite": {
        "0_0_E": [0, 1208.888888888889],
        "0_1_F": [3000, 1226.3038548752832],
        "0_2_Gb": [6000, 1208.8888888888887],
        "0_3_G": [9000, 1214.6938775510207],
        "0_4_Ab": [12000, 1217.5963718820863],
        "0_5_A": [15000, 1214.6938775510207],
        "0_6_Bb": [18000, 1217.5963718820847],
        "0_7_B": [21000, 1214.6938775510207],
        "0_8_C": [24000, 1214.6938775510207],
        "0_9_Db": [27000, 1223.4013605442194],
        "0_10_D": [30000, 1211.7913832199533],
        "0_11_Eb": [33000, 1217.596371882088],
        "0_12_E": [36000, 1214.6938775510207],
        "0_13_F": [39000, 1223.4013605442158],
        "0_14_Gb": [42000, 1217.596371882088],
        "0_15_G": [45000, 1223.4013605442158],
        "0_16_Ab": [48000, 1208.888888888886],
        "0_17_A": [51000, 1214.6938775510207],
        "0_18_Bb": [54000, 1211.7913832199533],
        "0_19_B": [57000, 1211.7913832199533],
        "0_20_C": [60000, 1214.6938775510207],
        "0_21_Db": [63000, 1214.6938775510137],
        "0_22_D": [66000, 1211.7913832199606]
    }
}
