{
    "urls": [
        "String_4_B.ogg",
        "String_4_B.m4a",
        "String_4_B.mp3",
        "String_4_B.ac3"
    ],
    "sprite": {
        "4_0_B": [0, 1208.888888888889],
        "4_1_C": [3000, 1200.1814058956918],
        "4_2_Db": [6000, 1211.7913832199552],
        "4_3_D": [9000, 1211.7913832199552],
        "4_4_Eb": [12000, 1211.7913832199552],
        "4_5_E": [15000, 1208.8888888888896],
        "4_6_F": [18000, 1211.7913832199533],
        "4_7_Gb": [21000, 1211.7913832199533],
        "4_8_G": [24000, 1208.8888888888896],
        "4_9_Ab": [27000, 1211.7913832199533],
        "4_10_A": [30000, 1208.8888888888896],
        "4_11_Bb": [33000, 1211.7913832199533],
        "4_12_B": [36000, 1205.9863945578259],
        "4_13_C": [39000, 1208.888888888886],
        "4_14_Db": [42000, 1214.6938775510207],
        "4_15_D": [45000, 1211.7913832199533],
        "4_16_Eb": [48000, 1208.888888888886],
        "4_17_E": [51000, 1208.888888888886],
        "4_18_F": [54000, 1211.7913832199533],
        "4_19_Gb": [57000, 1211.7913832199533],
        "4_20_G": [60000, 1208.888888888886],
        "4_21_Ab": [63000, 1211.7913832199606],
        "4_22_A": [66000, 1208.8888888888932]
    }
}
