{
    "urls": [
        "String_5_E.ogg",
        "String_5_E.m4a",
        "String_5_E.mp3",
        "String_5_E.ac3"
    ],
    "sprite": {
        "5_0_E": [0, 1200.1814058956916],
        "5_1_F": [3000, 1208.8888888888887],
        "5_2_Gb": [6000, 1205.9863945578231],
        "5_3_G": [9000, 1211.7913832199552],
        "5_4_Ab": [12000, 1211.7913832199552],
        "5_5_A": [15000, 1208.8888888888896],
        "5_6_Bb": [18000, 1208.8888888888896],
        "5_7_B": [21000, 1211.7913832199533],
        "5_8_C": [24000, 1214.6938775510207],
        "5_9_Db": [27000, 1205.9863945578222],
        "5_10_D": [30000, 1208.8888888888896],
        "5_11_Eb": [33000, 1208.888888888886],
        "5_12_E": [36000, 1211.7913832199533],
        "5_13_F": [39000, 1211.7913832199533],
        "5_14_Gb": [42000, 1208.888888888886],
        "5_15_G": [45000, 1208.888888888886],
        "5_16_Ab": [48000, 1208.888888888886],
        "5_17_A": [51000, 1208.888888888886],
        "5_18_Bb": [54000, 1211.7913832199533],
        "5_19_B": [57000, 1211.7913832199533],
        "5_20_C": [60000, 1208.888888888886],
        "5_21_Db": [63000, 1208.8888888888932],
        "5_22_D": [66000, 1208.8888888888932]
    }
}
