{
    "urls": [
        "String_3_G.ogg",
        "String_3_G.m4a",
        "String_3_G.mp3",
        "String_3_G.ac3"
    ],
    "sprite": {
        "3_0_G": [0, 1211.7913832199547],
        "3_1_Ab": [3000, 1200.1814058956918],
        "3_2_A": [6000, 1208.8888888888887],
        "3_3_Bb": [9000, 1214.6938775510207],
        "3_4_B": [12000, 1211.7913832199552],
        "3_5_C": [15000, 1208.8888888888896],
        "3_6_Db": [18000, 1214.6938775510207],
        "3_7_D": [21000, 1211.7913832199533],
        "3_8_Eb": [24000, 1208.8888888888896],
        "3_9_E": [27000, 1211.7913832199533],
        "3_10_F": [30000, 1211.7913832199533],
        "3_11_Gb": [33000, 1211.7913832199533],
        "3_12_G": [36000, 1211.7913832199533],
        "3_13_Ab": [39000, 1208.888888888886],
        "3_14_A": [42000, 1211.7913832199533],
        "3_15_Bb": [45000, 1211.7913832199533],
        "3_16_B": [48000, 1211.7913832199533],
        "3_17_C": [51000, 1214.6938775510207],
        "3_18_Db": [54000, 1201.6326530612246],
        "3_19_D": [57000, 1208.888888888886],
        "3_20_Eb": [60000, 1214.6938775510207],
        "3_21_E": [63000, 1214.6938775510137],
        "3_22_F": [66000, 1223.4013605442158]
    }
}
