{
    "urls": [
        "String_1_A.ogg",
        "String_1_A.m4a",
        "String_1_A.mp3",
        "String_1_A.ac3"
    ],
    "sprite": {
        "1_0_A": [0, 1223.4013605442178],
        "1_1_Bb": [3000, 1214.6938775510207],
        "1_2_B": [6000, 1223.4013605442176],
        "1_3_C": [9000, 1214.6938775510207],
        "1_4_Db": [12000, 1217.5963718820863],
        "1_5_D": [15000, 1208.8888888888896],
        "1_6_Eb": [18000, 1217.5963718820847],
        "1_7_E": [21000, 1211.7913832199533],
        "1_8_F": [24000, 1211.7913832199533],
        "1_9_Gb": [27000, 1208.8888888888896],
        "1_10_G": [30000, 1214.6938775510207],
        "1_11_Ab": [33000, 1208.888888888886],
        "1_12_A": [36000, 1208.888888888886],
        "1_13_Bb": [39000, 1214.6938775510207],
        "1_14_B": [42000, 1200.1814058956911],
        "1_15_C": [45000, 1214.6938775510207],
        "1_16_Db": [48000, 1214.6938775510207],
        "1_17_D": [51000, 1208.888888888886],
        "1_18_Eb": [54000, 1211.7913832199533],
        "1_19_E": [57000, 1214.6938775510207],
        "1_20_F": [60000, 1214.6938775510207],
        "1_21_Gb": [63000, 1208.8888888888932],
        "1_22_G": [66000, 1211.7913832199606]
    }
}
